W,1
̰ Ҹϴ,1
,1
 ,1
,1
,1
,1
,1
,1
,1
,1
,1
 ,1
,1
,1
 ,1
,1
,1
,1
,1
,1
,1
,1
 ,1
,1
ƴ¿մ,1
,1
 ,1
,1
,1
ƾƾƾ,1
,1
,1
 ,1
,1
 ,1
 츶 ,1
,1
,1
,1
,1
,1
,1
 ,1
,1
 ,1
 ,1
 ,1
,1
,1
 ,1
 ,1
,1
̰Թ,1
,1
ȴٵȴ,1
 ,1
ġŸ  ִ,1
,1
,1
,1
,1
,1
,1
,1
,1
 ߾,1
ħä,1
ܵ,1
,1
 Ǵ  ġ ϴ,1
 ,1
,1
ɿ,1
,1
̼,1
,1
,1
 ,1
,1
ħϴ,1
,1
 ,1
,1
޷,1
,1
,1
 ,1
,1
,1
 ,1
ƾȵ,1
óּ,1
 ,1
,1
 ,1
,1
ΰ,1
,1
ħ,1
 ,1
,1
ְ,1
̰,1
 ϳ,1
 ߺ,1
,1
ȵ,1
װž ,1
,1
  մϴ,1
 尡,1
 ְ,1
,1
ȵ,1
,1
,1
,1
 ,1
 ޸ϴ,1
 ,1
,1
ƴϾ,1
 װ ƴϾ,1
ȵ ǳ,1
,1
,1
,1
,1
ħ  ,1
 ,1
 ,1
,1
,1
װ ƴϾ,1
,1
ȵ ̷,1
ħ ħ,1
 ,1
,1
,1
ְ,1
̰ ,1
,1
 ǳ,1
,1
 ִ,1
,1
  ٸ,1
,1
,1
 ,1
༮ ϳİ,1
 ̴,1
,1
 ħ,1
,1
,1
 ̰,1
  ,1
,1
  Ǵ ΰ,1
 ,1
,1
,1
 ,1
,1
 ٸ ,1
 ̴,1
ȵ,1
,1
 ,1
źϾ ,1
ϳ ֵ,1
 ,1
,1
 ,1
 ,1
̷ ȵǴµ,1
 ϰ ,1
ħ,1
 ,1
  ޸,1
,1
  Ұ,1
 ִ,1
 ̷,1
,1
,1
 ,1
׷ġ,1
,1
,1
,1
,1
,1
,1
,1
,1
,1
,1
,1
ļ ,1
,1
 ÷,1
 ,1
,1
,1
̽,1
,1
,1
,1
Ӵ,1
 ,1
 ,1
,1
,1
,1
,1
,1
̾,1
ȵ,1
ȵ,1
ȵ,1
,1
̴,1
ļ,1
ȵ,1
,1
,1
 ,1
,1
̽,1
 Ʊ,1
 ,1
Ҿѵ ̵,0
,0
̰  ֵ °,0
Ƿ¸ ,0
 ߳,0
 ,0
,0
 ,0
ƾƾƾƾ,0
,0
ƻԽ,0
 ,0
Ƿ ,0
 ߾,0
,0
,0
,0
  ,0
  մϴ,0
  ִ,0
,0
,0
 ,0
Ƚ,0
̴,0
 ,0
,0
,0
Դٰ ½Ǹ,0
ȣ,0
 Ż,0
 ,0
  ,0
,0
޷,0
 ߳,0
׹߾ Ҿ,0
 ı,0
  ,0
 ,0
ǳǳǳ,0
ȣ,0
 Ƿ¸,0
,0
ߴ ,0
 ̴,0
̰ 𸥴,0
Ƿ¸ ,0
 ,0
̰  ̱,0
Ƿ̐   ,0
,0
,0
,0
Ƚ,0
,0
 ߳,0
 ,0
 Ż ,0
 Ż ,0
 ޸ϴ,0
 ı,0
ȣ,0
 մϴ,0
  ,0
Ƿ¸  ,0
 ,0
  ,0
 Ƿ¸,0
Ƿ¸  Ż,0
Ƿ¸ ٷ ,0
 ı,0
 ,0
,0
 Ż,0
 Ż,0
 ½Ǹ ,0
̳,0
  ȸ,0
ٵ̷ϱ Ʈ  ҽ,0
 Ƿ¸̸ ,0
尡,0
̰  ־  ȴ,0
  ,0
ı,0
 ޾,0
 Ǹ߳,0
ۺ ٸ ,0
 Ʋ,0
½Ǹ,0
,0
,0
  ,0
 ,0
 Ŀ,0
 ,0
 ϴµ ǳ ,0
 ,0
Ƿ¸,0
,0
 ,0
 ߰ ,0
  ,0
,0
 ߰ ,0
´,0
 ,0
  ,0
 ,0
ȣ,0
,0
Ƿ¸  ,0
   ,0
̴ ,0
,0
 ߰,0
,0
,0
̣,0
 ,0
 ,0
 ,0
,0
 ,0
Ƿ¸ʿ   ı,0
 Ŀ,0
,0
  ,0
,0
,0
,0
 ,0
,0
̣,0
  ,0
 ,0
 ,0
,0
 ,0
繹,0
,0
 ,0
 ,0
,0
,0
 Ѹ ,0
,0
,0
 ,0
,0
̽,0
 ,0
ûѴ,0
 ı,0
 ,0
 ,0
  ,0
 ,0
  ,0
 ϴµ ,0
 ,0
,0
 ,0
ǳ ,0
  ,0
Ż,0
,0
ѳ,0
 ,0
 ,0
Ѹ  ,0
Ű ,0
  ,0
õõ ,0
 Ż ,0
 ,0
  ,0
Դ ,0
 ,0
ħ,0
Դ ,0
 ,0
 Ż,0
 ,0
Դ ,0
 ,0
Դ ,0
Դ,0
 鰬 ,0
 ,0
Դ ,0
,0
Դ ,0
 ,0
Դ ,0
Դ,0
̣,0
Դ ,0
,0
,0
 ,0
Դ ,0
Դ ,0
 ٶϴ,0
Դ ,0
û ,0
 ϳ,0
ְڳ,0
Դ,0
Դ ,0
ϴ ,0
Ԉ,0
  ,0
Դ,0
 ,0
 ,0
Դ ,0
Դ ,0
̣,0
 ,0
ٽ ϰ آa,0
׷  ,0
ũ ,0
ؽ,0
,0
Դ ,0
 ۵ȼ   Դϴ,0
,0
 ϴµ ,0
ٽô  ,0
̣,0
Ԉ,0
ũ,0
Դ,0
Դ ,0
,0
ҽ,0
ũ ۵,0
 ä̾,0
 ƿ,0
 ,0
 ƿ,0
  ,0
,0
  ,0
Ÿ,0
Ű ̱⳪,0
   ,0
 ,0
 ,0
 ,0
ũ  Ѵ,0
Ű,0
,0
ũ ,0
Դ ,0
 Ż,0
 ֶ,0
,0
,0
 𸥴,0
ѳ ̳,0
 ε,0
Ը ,0
 Ƿ¸ΰ,0
,0
ǵ,0
ΰ,0
,0
 ,0
  ,0
,0
Ըʰ,0
 ,0
 Ʈ,0
,0
,0
,0
,0
ı,0
 ׾,0
Ķ Ӿ ,0
Ӿ,0
,0
,0
,0
,0
,0
,0
 ,0
,0
   ,0
 ,0
,0
 ߳׿,0
,0
  ,0
ı,0
˸,0
,0
ļ,0
,0
ı,0
Ը,0
 Ը,0
ƾư,0
  ,0
˸,0
 ,0
 ,0
Ķ ν; ,0
Ե ϰ,0
ϴ¸,0
 ,0
˸ ,0
Ը̾,0
 ,0
 ̱ ,0
,0
,0
ٷŻ,0
Ըʿ ,0
 Ż,0
 ı,0
 ,0
,0
 ,0
,0
̰ ô ,0
,0
,0
 Ż,0
,0
 ,0
,0
,0
,0
ũƮ,0
θ,0
,0
 Ż,0
 ,0
,0
,0
 ,0
ֿ,0
 غϼ,0
,0
  ,0
Ƿ,0
,0
,0
,0
ʽ,0
 ,0
,0
,0
 װ ,0
 ı,0
μ Ϳ ,0
 ,0
  غ,0
 ⵿,0
,0
ı,0
,0
ֿ,0
 帮¼  Ż,0
ȥ ,0
 ־ Ƿ ı,0
ֿ ,0
 ϼ ,0
    ,0
,0
,0
 ,0
ȴ,0
 ı,0
ȥ ,0
 Ʈ   Ʈ   Ʈ   Ʈ   Ʈ   Ʈ ,0
ı,0
 ,0
 ,0
  ,0
ȥ ,0
,0
 ,0
ȥ Ծ,0
 ,0
 غ,0
 ȥ մϴ,0
,0
ȥڸ,0
,0
 ּ,0
 ϴ,0
 ׸̴,0
ı,0
ٵµ ,0
ȥ յ,0
αٵα,0
ŷ,0
ֿ ,0
η ġ,0
ȥ  ,0
η ġ,0
ȥ,0
 ¥  ֱ׷,0
ȥ ,0
 ,0
 غ,0
 ŻԴψ ,0
 ,0
  Ż ,0
ҿܰ ,0
,0
η,0
,0
 ,0
 ϱ⵵  Ż,0
 ڸ Ż ,0
 غϼ,0
׹ϴ,0
ȣ,0
,0
  ,0
 ,0
 Ż,0
 ̸Ż ,0
Ƿ¸ ,0
Ķ ,0
  Ȯ ,0
,0
ȣ,0
 ,0
 ,0
 ,0
Ż,0
 Ƿ¸ ,0
Ķ  ,0
 ,0
 ,0
̰ž,0
 غϼ,0
ľ,0
Ķ  ,0
,0
ľ ,0
 ,0
Ķ,0
ľ ,0
 Ѵ,0
ְ,0
ѳ 糢,0
ļ,0
,0
,0
 Ȳ ϴ,0
 ,0
  ,0
 ,0
̰,0
 ,0
,0
Ű ӵ ,0
,0
½Ǹ̳,0
 ,0
 ȣϱ,0
 ,0
ũƮ,0
 ,0
 ġϴ,0
ϴŻ,0
,0
Ի⸮,0
Դ ,0
 ,0
,0
 ,0
 ,0
 ̳ ,0
 ̸ ּ,0
  ° ƿ,0
 ı,0
ؿ,0
,0
 ٰ,0
  ,0
½,0
,0
ʸ ,0
 ,0
 غ ϼ,0
 Ͷ,0
,0
,0
 ,0
ɾ«,0
 Ѿϴ,0
 ı,0
 ,0
 ̲ϴ,0
,0
 ı,0
,0
  ,0
,0
  ÿ ,0
  غּ   غּ   غּ   غּ   غּ,0
,0
 ,0
 ɺ,0
 ,0
  ,0
 Ż,0
 ƿ,0
 ,0
  ,0
 Ƿ¸ ,0
 غؾ߰ڳ,0
 ī ߵ,0
 ı,0
īƮ,0
  ,0
,0
 īƮ,0
 ,0
 Ż,0
 ,0
  H,0
 ӵ ϳ,0
 ,0
簡 ϳ,0
 ̶,0
Դ ,0
Դ,0
 غ,0
 ,0
 ,0
 ,0
ľ ,0
Ķ ,0
Դ ,0
 ,0
 ,0
 ,0
  ,0
,0
 ,0
մ,0
Դ ,0
  ,0
 غ,0
 ƾƾƾƾƾƾ,0
Ķ ,0
 ȣ,0
 ,0
Դ,0
 俭,0
  ,0
  Ű,0
̰߸a,0
 ,0
 ,0
 ູ,0
ø,0
Ѹ,0
̰ ¥,0
Դ,0
 ,0
մ ,0
ٷ  ,0
Դ ,0
 ,0
,0
 غ,0
,0
Դ  ,0
 ȣ,0
 ,0
Դ,0
,0
Ķa,0
 Ե,0
,0
   ѹ ̱,0
巴 ,0
 ,0
  ,0
̰  ߴ Ƴ,0
 õġ,0
 ڴ ¥ ,0
 ɸ   ,0
 ,0
 غ,0
,0
,0
 ,0
Ķ,0
 ,0
,0
 ,0
,0
,0
,0
 Ż ,0
 ,0
  ̰  ̱ ,0
̰ ⰰ,0
,0
,0
,0
,0
,0
,0
̰  ,0
,0
,0
ŷη,0
 ,0
 ̳,0
̰  ޴ ƴѰ,0
 ,0
 ,0
̺ ,0
,0
,0
,0
 ּ,0
,0
 ı,0
,0
վ ,0
,0
,0
,0
     ΰ,0
  ֵ ,0
                       ,0
,0
  ,0
¡ ,0
,0
̰,0
,0
̸ ߴ   ,0
̰ ߴ ʾƴϳ ,0
,0
̰  ΰ ,0
,0
 ,0
 ,0
,0
 Ѱž,0
,0
å,0
 غ ,0
 ,0
,0
̰ ߴ ,0
,0
,0
 ,0
,0
̰ ̳,0
å,0
ٸ  ҽ,0
  ¸,0
 ΰ ,0
 ,0
 ı,0
 ,0
 ϼ,0
 Դϴ,0
 ô,0
 ź,0
 ,0
¥ ̳ ,0
߸ ,0
ȵɰŰ,0
̹ ޴  ,0
  ̰  ̱ ƿ,0
ƴѰ,0
Ͻ,0
,0
ߴ̳,0
̰ ,0
 ̽,0
                 ,0
   ,0
,0
ȴ,0
 غ,0
,0
Դ ,0
ΰ  ,0
,0
,0
Ʋȳ ̹ ,0
  ,0
Դ,0
ߴ ,0
 ｺ ,0
ٽý ,0
Ƴ  ϳ,0
Դ,0
 ,0
¥ ,0
Դ,0
Ķ ,0
Դ ,0
 Ƴ̰,0
 ִ,1
,1
,1
 ž ,1
𸥴,1
ִϾ,1
,1
,1
 ϳ,1
,1
̴ ,1
,1
ִϾ δٰ,1
ִϾ ,1
,1
,1
,1
,1
,1
,1
,1
,1
,1
,1
,1
,1
,1
,1
,1
,1
,1
,1
,1
,1
,1
,1
,1
,1
,1
,1
,1
,1
,1
,1
,1
,1
,1
̰,1
,1
,1
,1
ȵ,1
,1
,1
,1
,1
,1
,1
 ,1
,1
,1
 ,1
,1
 ,1
,1
,1
,1
ִϾ Ĵ,1
,1
,1
ȵ,1
ȵ,1
,1
,1
,1
,1
,1
,1
,1
ļ,1
,1
̰,1
 ,1
,1
,1
,1
,1
,1
ļ,1
,1
,1
,1
,1
̰,1
,1
,1
,1
 ,1
,1
 ,1
̰ ,1
,1
ļ,1
,1
 ,1
,1
,1
  ,1
  ,1
,1
̰,1
,1
,1
,1
 ,1
      ,1
,1
,1
  ̳,1
̰  ,1
,1
 ,1
̰ ,1
,1
,1
 ,1
,1
  ,1
 ε,1
 ,1
̿,1
 ,1
̰  ,1
ģ ,1
 ,1
,1
 ,1
̰,1
 ,1
 ,1
 ,1
,1
 ,1
,1
,1
׷  Ȱ ,1
,1
   ,1
 ,1
 ,1
  ,1
 Ĳٿ,1
,1
̰ ȴٰ,1
,1
̰ ,1
 ,1
 ,1
 ,1
̰ ̶,1
̰ ,1
 ,1
 ,1
,1
̰ ,1
ģ ,1
,1
մϴ,1
 ,1
,1
,1
 ,1
 ,1
,1
 ,1
 ,1
̴,1
                         ,1
ļ  ̴,1
̰ سϴ,1
 ,1
 ϵ帳ϴ ,1
 ,1
콺,1
 귿 ƴ,1
,1
,1
ģ ,1
,1
,1
  ,1
 ,1
  ,1
 ,1
  ,1
̰   ,1
  µ ,1
   ,1
̱,1
 ,1
,1
,1
 ,1
 ,1
,1
 ̷  ̱ ,1
  ,1
 ,1
귿 Դϱ,1
 ,1
 ,1
 ¹ ¹ ¹ ¹ ¹ ¹ ,1
̰  ɸ ,1
 ,1
,1
 Ͼٱ,1
  ,1
 m,1
 ,1
,1
 ,1
,1
 ,1
,1
̰ ,1
,1
,1
 ,1
                           ,1
   ׸ Ͷ,1
 ,1
 ,1
 ,1
̻,1
  ,1
 ,1
 ,1
 ,1
,1
,1
 ,1
,1
  ,1
 ,1
  ,1
,1
  ,1
 ,1
,1
 ,1
 ģ,1
,1
,1
 ,1
 ƴ,1
̰ 渶,1
 ,1
 ,1
 ,1
  ,1
 ,1
,1
 ,1
 ̻ ȳ° ٸ,1
ΰ ¸ ,1
 Ͼٱ,1
,1
 ,1
 ,1
̽,1
 ٵ,1
 ,1
,1
  ,1
  ,1
λ,1
 ,1
,1
 ,1
 ,1
 ,1
,1
,1
 ع ع ع ع ,1
,1
 ,1
,1
,1
 ,1
 ̰ Ծ ,1
,1
ǳ ,1
,1
̰  ,1
跡 ,1
,1
Ը  ׸ ,1
 ̰,1
 ,1
,1
̰ ̱,1
  ɾµ,1
Ʊ  ƴϾ,1
  ϳ  Ƽ ,1
,1
,1
 ε,1
̾,1
 ,1
,1
,1
,1
  ,1
 ,1
 Ʈ ,1
 븷,1
 ̰  ߳,1
 ʹ ְڴ ,1
ۿ Ȱɾ,1
,1
Ʊ  ôߴµ ,1
 ,1
ۿ ,1
̿,1
        ,1
,1
̰ 渶̾,1
㿣  ɾϳ,1
 ̰ Գ,1
,1
߳ ,1
渶 ̿,1
̽,1
,1
 ,1
渶 ,1
,1
 ̴,1
渶  ,1
,1
渶 ̿,1
  ,1
 ,1
 ,1
,1
渶,1
   ,1
 ,1
渶̾,1
 ϵ帳ϴ,1
渶,1
渶,1
 ,1
ģ 󸶾 ,1
渶 ,1
Ϳ,1
ε ̰,1
 ġ³ ,1
Ⱑ ʹ  ,1
渶 ,1
 ̳,1
 ,1
,1
 ,1
Ƴ ,1
 ,1
 ,1
 ,1
   ,1
渶帺,1
H,1
 ̰ 豸 ,1
 ,1
  ּ,1
 N,1
 ,1
,1
,1
ī ī ,1
Ϳ ,1
̰ 渶ΰ,1
 ̰  ǳİ,1
,1
,1
,1
ļ,1
,1
ƴ,1
,1
̾,1
,1
,1
̽,1
,1
 ̰,1
,1
ݵ,1
,1
ļ,1
̰,1
,1
,1
,1
,1
,1
,1
,1
,1
P,1
 ,1
̰  ,1
̰ ,1
,1
,1
,1
,1
޶ ,1
̰ɸ,1
,1
̰ ,1
,1
,1
ݵ,1
̰ Ծ,1
 ¸,1
,1
,1
̰ɹ,1
̼,1
,1
,1
,1
̰ Ծ,1
,1
,1
 ,1
,1
,1
 ǳ,1
 ,1
̽,1
̰ɸԳ,1
;,1
 翴µ,1
 ,1
  ̰ ,1
ƽ ,1
,1
̰ ǳ,1
,1
̿ ϰ ־ٱ,1
 ٸݾ,1
 ,1
,1
 ̰,1
,1
ȣ,1
 ,1
 ˾Ҵµ,1
ϰ̽,1
̰,1
ƴ ̰Ǿƴ,1
,1
,1
ȣ,1
ļ,1
ı,1
,1
ģ,1
̸,1
 ̰ ,1
 ҳ,1
,1
,1
 ,1
 ӹ,1
̰Ŵ ƴ,1
 Ƴ ,1
 Ұ,1
 ,1
̰ ,1
ڱ ,1
̰ Ѹ̶ ° 翬Ѱǵ ,1
 ޶ݾ,1
 ,1
,1
  ,1
 ,1
   ,1
̰̱,1
,1
,1
̰ Ŀ̈,1
ȣ,1
ƴ,1
,1
,1
,1
 ½,1
,1
Ƽ,1
,1
,1
̰,1
ļ,1
,1
̰ Ӳ ,1
 õ ˷ ,1
ϰ־ٰ,1
̰ Ѵٰ,1
ǳ ϰ  ٱ,1
ļ,1
̺Ȱ,1
̰ŷ,1
̰ Գ ,1
̽,1
̰ ġư,1
,1
˷ ,1
,1
ϰ վٱ,1
 ̿,1
,1
Ķ  ϳ,1
ǳ ǳ,1
 ,1
  ,1
츮 ,1
         ,1
¾ҳ ,1
Ƽ,1
,1
,1
 ,1
  ̰ ,1
ļ,1
ϰ־ٱ,1
̳,1
̰ ̱,1
Ҿ ,1
̿ ,1
 ,1
 ,1
̰ɸ­ٰ,1
 ,1
,1
̴޶,1
 ,1
޴ϴ,1
,1
Ƽ ġƮ,1
,1
,1
ƾ,1
̰  ,1
츶,1
    ߴ,1
ƽ,1
,1
Ƽ,1
,1
,1
,1
  ,1
 ޴ϰ,1
  ޶,1
Ȱɾ ,1
 ̰ ,1
ǳ Ȱ,1
,1
,1
 ˷,1
,1
 ,1
  ̾,1
  ̱ٴ,1
̰ ̳,1
,1
 ޶ٴ,1
  ,1
,1
ȿ,1
ٺ,1
 ̿,1
 ¥ ϳ,1
޶,1
 ̿,1
,1
  ,1
ǳ ༭ ,1
ϰ ־ٰ,1
 ,1
 ġġ,1
ȹϰ־,1
ȿ û ־,1
ĢĢ,1
,1
  · ,1
  ,1
ǹ ,1
,1
,1
,1
ϰ־ٱ,1
÷   ٸ,1
ȣ,1
  Ⱦƾ߰ڳ ,1
 ̿,1
Ģ̾,1
 ʽ ,1
 ,1
 ̳ ̰,1
 ɰ ,1
ģ,1
 ó  Ͼ,1
 ,1
,1
 航,1
 ߴµ  ,1
  Ʈ  ۷,1
׷,1
 ʹ޾ƾ ʹ޾,1
,1
޴,1
Ͼٱ,1
   ,1
̰   ̰   ̰   ̰   ̰   ̰   ̰   ̰   ̰  ,1
ȹϰ־ٰ,1
,1
׷,1
  ΰ,1
 ˷ټ ,1
,1
ٴ ,1
,1
ļ,1
Ģ,1
޴ϰ,1
װ͵ ߾,1
,1
,1
ϳ ôµ ߳,1
 ߴµ Ծ ٴٴٴٴٴ,1
 ٵ ̰ ٷذžƴ,1
,1
ȵ,1
,1
޴ϰ,1
 ʹ̵,1
,1
ƼϵJ,1
  ,1
  ׸̾,1
޴ϰ,1
 ޴޽,1
K,1
,1
±,1
 ޶,1
ļ,1
޴,1
 ,1
׷ ,1
ϸ  ߾,1
  ,1
޴,1
ö󰣴,1
  ,1
  Ʋ ,1
޴,1
 ˷ִ  ų,1
ǳ ǳ ǳ ǳ ǳ ǳ ǳ ǳ ǳ ǳ ǳ ǳ ǳ ǳ ǳ,1
  ,1
 ʹ ޾,1
  ,1
޴ޱ,1
޴ϰ,1
 ȸ,1
 ޴ϰ,1
 ,1
ȹϰ־ٰ,1
K϶K,1
  ϰ ־ٱ,1
̻,1
  Ʈ,1
 ,1
,1
̰ŵ ؾ ,1
޴ϱ,1
ĢĢ,1
ġ ,1
Ʈ ޴ޱϰ,1
Ʈ  ´پ,1
,1
̰͵ ߾,1
,1
޴,1
޴ޱ,1
 ,1
ļ,1
  ,1
 ޴ϰ ,1
ǳ ״ ΰ ǳ ״ ΰ,1
 о,1
츶,1
߾,1
Ҿ Ѱ,1
ȿ,1
ļ,1
 ϳ,1
ļ,1
޴ٶ,1
 ϱ ־ٱ,1
̰   ̰   ̰   ̰   ̰   ̰   ̰   ̰  ,1
 ,1
 ,1
  ,1
޴ϰ,1
,1
Űž,1
ļ  ߴ,1
ȥ ǳ,1
ũ ,1
 ߾ ,1
Ҳ ,1
,1
޴,1
 ̱ ,1
ζ ̰͵ ̴ ,1
 ûڵ,1
 ,1
,1
޴,1
Ʈ ,1
츶,1
޴,1
ʹ ޴,1
ĸִ,1
ũ,1
ȹϰ־ٰ,1
޴ϰ,1
Ʈ  ,1
Ģ,1
   ,1
; Ѵ,1
ȯ ,1
޴ϴ,1
,1
 ߾ ǵƿ´ ,1
޴ ޾,1
,1
,1
 ,1
    ,1
߾,1
 ,1
ĳ ,1
Ƽ  Ʈ ,1
ߴ,1
 ޿ Ƹ԰,1
   ,1
   ̱,1
̰ ,1
Ҿ ٽ ƿԴ,1
,1
K϶,1
ϰ־ٱ,1
 ,1
޴ޱ,1
 ,1
 ϳ ,1
 ڳ,1
 ,1
,1
,1
ǳ    ,1
Ģ,1
 ޶,1
Ƿ¸ʸ ,1
 ճ,1
               ,1
,1
鸸,1
̴,1
 Ƽ ϸ ݹ ,1
 ,1
 κy,1
 · ,1
Ʈ ,1
ǳ  ٽ  ֵ ,1
  帣ϴ,1
Ϳ,1
׷ ¥ ڵſ,1
 ,1
,1
,1
 ÷ ,1
Ʈ  ,1
ūſ´,1
ǳ  ,1
νʹ վ,1
ƽ ̰ ɾ ,1
,1
 ʹ ,1
ϸ 𿩿,1
,1
,1
޴,1
 ,1
 簡 ȴٰ,1
Ʈ ,1
ڽ ,1
 ,1
޴,1
 ̳ Ʈ  Ʈ ,1
 ,1
渶 ,1
 ,1
 ,1
ūſ´,1
,0
  ̰,0
,0
,0
,0
,0
,0
ϴ  ƿ,0
,0
,0
,0
ΰ,0
 ɰ ,0
Ʋ̴ϱ,0
޷,0
̰  ƿ̰,0
 ΰ,0
޷,0
,0
 ΰ ,0
,0
 ̵ε,0
̰ ,0
 ̳ ,0
  ǥ ٲ ,0
,0
ʹ ,0
,0
,0
 ɾ,0
,0
,0
,0
ص,0
ŰƲ ,0
,0
 ,0
,0
,0
,0
 ,0
,0
 ҽϴ,0
Ұ ޸ ,0
 ,0
,0
,0
,0
,0
 ,0
ߴ,0
߾,0
,0
,0
,0
,0
 ,0
,0
 ,0
 Ż,0
,0
 ,0
 Ż,0
 Ż,0
 ,0
 ,0
 ,0
ƴ ,0
 ,0
 Ż,0
⿴,0
,0
,0
  ,0
˸ ,0
   ̶,0
,0
,0
 Ż,0
̰Թ,0
,0
,0
 ̰ ,0
 Ż,0
˸,0
 ,0
ҳ׿ ,0
޳,0
,0
 ¾ҳ,0
 ,0
 Ż,0
׳   ,0
˸,0
,0
ٶվ ,0
  ó Ƚ϶,0
ı,0
,0
Ⱦ ,0
˸,0
,0
   ,0
˸,0
׳ Ѿ,0
 Ż,0
,0
 ,0
ĿƮ,0
,0
  Ƴ ,0
,0
ֹݴ ,0
⿴,0
 ,0
Ʈ,0
 ,0
 ̰ ,0
˸,0
,0
  ̱ ,0
˸,0
 ,0
 ƿ ,0
 ı,0
 ,0
 ,0
˸̳ ,0
ı,0
° ص,0
 Ż,0
 Ż,0
,0
 Ʈƾ,0
˸,0
 ı,0
,0
 ,0
 Ż,0
ƿ  ȭ    ,0
,0
İ Ż߳ ,0
 ,0
ǳ ߾ ׸ϴ,0
 մϴ,0
 ,0
 ,0
 Ż ,1
ʸ  ,1
,1
,1
,1
߽,1
 ,1
 ,1
ϱ ,1
,1
̰ 츶,1
ΰ,1
 ̰,1
,1
ȭ,1
 ġϴ,1
,1
,1
 ,1
ǳȯ  ,1
,1
,1
,1
  Ǵµ,1
,1
,1
Ƿ¸ ȵ,1
  غϼ,1
̴,1
 ,1
,1
 ϰִ,1
,1
翡 ,1
̰,1
 ޸ϴ,1
 ,1
 ,1
,1
,1
 ,1
,1
ֵ ,1
 ,1
  ,1
,1
  ,1
 ,1
 ,1
ȣ,1
,1
,1
,1
                         ,1
,1
ūſ´,1
 ,1
ֵ,1
,1
,1
 °,1
õõ ,1
   ϳ,1
,1
                           ,1
̰ ƴ,1
 ,1
  ޷,1
,1
,1
,1
 ޷,1
,1
 ,1
 籸,1
 ,1
,1
,1
Ѵ,1
,1
̰ ,1
̰,1
,1
,1
,1
ǳ ̳,1
,1
,1
,1
 ,1
,1
,1
 ,1
,1
,1
,1
,1
,1
,1
,1
,1
,1
,1
,1
 ,1
,1
,1
  ,1
,1
,1
,1
ļ,1
,1
 ȭ,1
 ,1
 ,1
 ,1
,1
̽,1
,1
,1
,1
,1
,1
 ̰,1
,1
 ,1
,1
,1
,1
 ,1
 ,1
,1
 ,1
,1
,1
,1
̽,1
,1
,1
,1
  ϴ,1
,1
,1
,1
 ֽο ̰ܳ ,1
,1
,1
 ,1
 ,1
̰,1
 ̰,1
ȵ ,1
 ,1
 ,1
,1
,1
,1
,1
,1
̰ ,1
ƽ,1
 ̰ ߳,1
ȵ,1
ȵ,1
,1
 ,1
,1
  ̰,1
 ̽ ,1
 ,1
,1
,1
 ,1
Ϳ,1
ȉ,1
,1
ƴ,1
,1
,1
,1
  ,1
 ,1
 ,1
ƴ ̰ ,1
,1
,1
ļ,1
,1
̽̽ ̽,1
̽,1
,1
ȣ ȣ ȣ ȣ ȣ,1
,1
   ,1
,1
̼,1
,1
Ʋ ̱ٴ,1
 ̰ ,1
̰,1
,1
 ̰,1
 ɰ,1
,1
,1
,1
,1
̽,1
,1
,1
,1
  ҳ,1
̰,1
,1
,1
 ޻,1
,1
 ,1
 ,1
̽,1
,1
 ¥,1
̰,1
 ,1
ʹ ,1
,1
 ,1
,1
侲ǿ侲ǿ侲ǿ侲ǿ侲ǿ侲ǿ侲ǿ侲ǿ侲ǿ侲ǿ侲ǿ侲ǿ侲ǿ侲ǿ侲ǿ侲ǿ侲ǿ侲ǿ侲ǿ侲,1
 ,1
  ,1
,1
ȣ,1
,1
,1
츶,1
;ƾ,1
,1
ִϾ  ΰ,1
  Դ´ٰ,1
,1
ȭ,1
 Ʈ,1
μ Ϳ,1
  ,1
 ,1
޴,1
 U,1
 ̾,1
,1
ڱ ϳ,1
 ,1
,1
 ,1
Ȳ̴,1
 ,1
,1
 ,1
ļ ,1
,1
 ʹ ̴,1
̽,1
 ,1
  ҷ ߴµ,1
,1
ֵΰž ,1
ƴ,1
,1
,1
 Ծ,1
̹  ̰,1
̰ ǳ,1
̼,1
  ,1
,1
ȣȣ,1
 ó ,1
  ,1
,1
,1
 ֵ ϳ ¥,1
,1
ϰ־ٱ,1
޴,1
  ,1
ũ,1
,1
 ,1
,1
Ƿ¸ʵ ̰ܹ°ųİ,1
˸,1
   ,1
̷,1
 ,1
  ߴ,1
  ,1
,1
  ,1
ƴ,1
,1
ֵ  ϱ ϳ ,1
,1
 ,1
̳   ,1
ø  ȴ,1
 Ӿ,1
,1
̽,1
¥,1
,1
ļ,1
 ,1
 ,1
Ƿ¸  ̱̳,1
ƴ ̰  ,1
,1
ִϾ  ǮⰡ Ҵ,1
Ӵ,1
,1
,1
̰Ե,1
ӳı,1
,1
ļ,1
,1
ָ̿  ,1
 ,1
 ,1
 ̰ ,1
 ,1
ٰ ʾҳ,1
˴ ̶ ߴ,1
,1
   Ҿ ,1
±,1
 ,1
,1
  ,1
 ,1
̰ ,1
      ,1
ư  ,1
޴ϰ,1
 ,1
Ʈ Ҷ Ǵ,1
ŰŰŰ,1
ü,1
 ȭ ѹ ,1
̰,1
 ,1
 ٱ,1
,1
 ,1
,1
 ģ  ̴,1
 ,1
,1
ǳ Ͻð ߻       ,1
 Ա ޴ϱ,1
,1
 ߴ ֵ麸 ϴµ,1
 õ,1
ȵ  ,1
ƿ ,1
,1
 ,1
 ٵ,1
ֿ ,1
޴ ϴ ,1
 ,1
߸ؼ ︸ɾµ ,1
,1
ũƾ ̸̳,1
Ƴ,1
 ̵ּ ̿ ְ ּΰ ,1
޴,1
 ޴ϳ ,1
 ,1
 ,1
,1
ļļ,1
 ޴ϴ,1
̰ ,1
ǳ,1
ϱ  ,1
   ٳ,1
,1
,1
 ޾,1
ȭ ϳ ,1
ɸ ʳ ,1
   ,1
ϴ,1
 ߾,1
,1
,1
Ʊ   Ǿϱ ϳ ,1
,1
Ż,0
,0
Ȱ  ,0
𸣰ڴ,0
ز,0
,0
õ,0
,0
,0
Rũ,0
  ,0
,0
  ,0
 ΰ,0
,0
 ,0
̽,0
ı,0
,0
,0
е õ,0
 ĿƮ,0
,0
,0
 ı,0
,0
,0
ı,0
 Ż,0
 ,0
,0
,0
ũ  ,0
 Ż,0
 ,0
,0
̰,0
,0
 ,0
,0
ũ,0
 ,0
,0
 īƮ,0
,0
̰,0
ȣ,0
 ,0
,0
 īƮ,0
 ī,0
,0
ũ,0
 ı,0
,0
 Ż,0
,0
 ı,0
 ı,0
H,0
ı,0
 ,0
 ,0
 Ǯ,0
 Ż,0
   ̷,0
ĿƮ,0
 ,0
īƾƾ,0
 ı,0
 ƿ,0
,0
껧 ,0
 ,0
 ı,0
,0
 ƿ,0
 ,0
,0
 ޸ϴ,0
,0
,0
  ,0
,0
 غּ,0
ĿƮ,0
 ƿ,0
 ,0
ı,0
ı,0
,0
   ʴ ,0
 ,0
 ,0
  ,0
,0
,0
  ȰǴ,0
  ,0
 ޷,0
 ,0
,0
 ,0
  ,0
,0
,0
 ,0
ȣ,0
 ,0
 ,0
 ض ,0
ȹٷض,0
,0
 īƾƾƾӶ,0
 ,0
Ʊ ׷ ϼ̾   ,0
 ,0
  ,0
 ,0
 L,0
 ŷɼ,0
  ô,0
 ,0
,0
 Ƿ¸ ǳ,0
 ,0
 ,0
   ,0
  Ͼµ,0
 ,0
 ,0
 ,0
 ȸ ,0
 ı,0
  غֽÿ,0
 ,0
 ,0
 ,0
 ,0
,0
 ,0
ھ ,0
  ٱ ,0
ڳİ ,0
ʱ         ,0
 ,0
,0
,0
,0
ֱ׷ ¥,0
 ,0
ߴ ,0
,0
̽,0
,0
,0
ֱ׷,0
 ¥,0
 ,0
 ,0
,0
                                     ,0
  ,0
 ,0
 Ҵ,0
,0
,0
ϴ,0
,0
ϳİ,0
ȵ,0
,0
  ,0
 ,0
   ,0
ƿԱ,0
,0
 ,0
 Դ,0
 ġ ,0
 ,0
,0
۱,0
,0
 ,0
                 ,0
 ߰,0
 ġ,0
 ,0
ȣ,0
 Դ,0
̰,0
 ,0
ؽ,0
ħũ,0
ƴ ,0
,0
 ,0
º̈,0
,0
 ,0
ƾ,0
 ȭ,0
ƴ Ϻη,0
  ,0
,0
,0
 ,0
 ̰,0
 ,0
,0
,0
ȵ,0
 ,0
 մϴ,0
ȵ,0
 ,0
  ,0
 ȭ,0
,0
и ,0
 Ѿ ˷,0
ŷη,0
 ,0
 ö󰬴,0
 ȭ,0
̰ǰ,0
 ȭ,0
 Ҽִ,0
ŷη ,0
 ȭ,0
,0
  ,0
̰ԽǷ,0
,0
,0
ּ,0
 翴 ,0
ٷ,0
 ,0
  ,0
 Ż ,0
¥ ž,0
,0
ؽ,0
 ,0
,0
ȴ ,0
 ,0
º̶ ,0
 ,0
 ,0
׷ ̴ ,0
 Ż,0
ƿ,0
 Ѹ ɷ Ѿ ,0
,0
               ,0
ߴ ,0
𰬾,0
 ,0
,0
 ö󰣴,0
ֱֱ,0
 ȭ,0
̰ ̰,0
ؽ,0
,0
   ,0
 ٸη,0
ȭ,0
ǳ ƿԱ,0
 غϼ,0
̾ǹ ,0
,0
 ,0
⼭ ,0
 ,0
   ,0
 ,0
 ȭѴ ,0
̰ɸ,0
ºۿݴ,0
 ,0
ɺ丮Ҹ,0
帧 ,0
¥ ,0
,0
,0
,0
ȵ,0
ƾƾƾƾƾ,0
˿  ,0
 ,0
 ,0
 ,0
,0
īͳ  ,0
,0
 ž,0
 ,0
«Ǫ,0
 ħ  ħ,0
ϴ°ųİ ,0
  ,0
   ,0
  ޷ŵ,0
 ǳ̾,0
ؿ,0
 ڱ Ƚϴ,0
 ö ,0
 ,0
ؿ,0
Ƿ ,0
 ,0
,0
Ȳ    Ȳ    Ȳ    Ȳ    Ȳ    Ȳ    Ȳ    Ȳ    Ȳ   ,0
ȣ,0
,0
ϳ ,0
,0
  ,0
,0
,0
,0
 ѾƿԴ,0
̰ ΰ ,0
,0
 ,0
 ָ,0
 ʹ,0
,0
¥Ѵ,0
 ߴ,0
,0
,0
ħ,0
a,0
⼭ ,0
Ƽ õ ,0
ó,0
º,0
  ,0
  ,0
簡 ̰,0
 ߰,0
  ,0
,0
,0
ģ,0
 ܽ êٱ ,0
 ,0
Ǻ,0
 ƿ,0
̸ ,0
ؿ,0
 ö ϴ,0
,0
,0
̰  ,0
 V,0
,0
 ,0
ħ,0
,0
,0
º ,0
 ׾,0
 ǳ̾  ؼ,0
е,0
ؿ,0
 ,0
,0
,0
 ѹ ,0
,0
ġ,0
 մϴ ,0
 ߰,0
ȭ ,0
,0
 ̹  žƳ,0
Ͼ ,0
ص ѹ,0
ƾƽԵ  ǥ  ϼ,0
 ,0
ǳ,0
  ,0
 ǹ  ,0
ü     ϴ ſ ,0
 ,0
   ,0
 ,0
,0
 ħ  ħϳ ,0
Ȱִ ,0
 ä ϴ ,0
  ,0
  ,0
 ,0
̰,0
ƴ ̰,0
,0
Ű ,0
,0
   ,0
  º ŰŰűűŰ,0
,0
 ,0
Ƿ,0
,0
,0
 ̹ Ѿ,0
,0
,0
ϳħؿ,0
,0
̹,0
޷޷,0
  ,0
,0
Ƿ ,0
,0
,0
,0
,0
ϴ,0
 ʹ ﰨ ,0
,0
 ̹  ,0
  ִ,0
 ̹ ,0
  ̹  ,0
 ,0
̹̰,0
 ۰ ,0
ȱ,0
Ƹ,0
,0
,0
,0
ȭ  ,0
,0
̹̳,0
,0
  ̹,0
,0
 ٸ־,0
㸮,0
 ,0
ȱ,0
 ̹ ,0
 ̰峻 ,0
    ,0
 ,0
 ٸµ,0
ö ,0
̰ܿ,0
,0
 ,0
 ξ   ,0
,0
 ε,0
 ,0
 ̹ ,0
,0
,0
  ,0
 ̰,0
 ,0
,0
 ,0
ʹݿ µ,0
 °,0
 ,0
,0
 ̹ ,0
 ̹ ,0
 ̹ ,0
  ִ,0
,0
  ִ,0
 ,0
  ,0
  ,0
,0
 ӱ,0
,0
,0
,0
 ,0
 ⱸ,0
,0
 ,0
,0
,0
ٸ,0
 ,0
 ,0
,0
,0
,0
 ֳ ,0
 ׾,0
,0
 Ʈ º ,0
 ,0
ʾ,0
 ų ,0
 ,0
ϴ,0
޷,0
  ,0
 ϼ,0
  ,0
,0
̶,0
   θִ,0
 մϴ,0
  ̾    ̾    ̾    ̾    ̾ ,0
 ̹,0
 ޻,0
,0
 ҵ ,0
 ȿ,0
  ,0
 ,0
Ǵ µ,0
 ,0
Ƿ¸ ռƮ,0
  ,0
,0
 ,0
 ,0
,0
,0
ȸԾ,0
޷,0
ȭ,0
 ,0
 ,0
޷,0
 ʹ  ,0
ʿ ,0
 ̾,0
  ,0
ٴٴٴ,0
 ޷,0
 ̹  ,0
ٴٴٴٴٴ,0
 ִµ ,0
 ̹ ,0
,0
  ,0
ħ,0
 ,0
޷,0
׵鸸 ̽,0
 ,0
,0
̰ ֿ ߴ̳,0
µ ,0
 ¥,0
,0
,0
,0
,0
,0
ǹ̾ ,0
,0
ı,0
,0
,0
,0
,0
,0
ı,0
 ,0
ı,0
,0
,0
,0
 ̹̰ف,0
 ,0
   ٰ,0
ɳġ,0
,0
,0
 ִ,0
   ,0
 ,0
츮 ,0
 Ż,0
 ʶ̾,0
 尡,0
 Ѱ,0
 ,0
̰ ,0
,0
Ʊ ,0
,0
,0
Ʊ,0
̿,0
￡ ,0
Ʊ ۰,0
ġ,0
  ̾,0
,0
  ,0
 Ѱ ,0
,0
Ʊ p ,0
  ,0
,0
,0
 ٸ,0
,0
ٸٸ ,0
,0
Ʊ öڳ,0
,0
ִ,0
 ۿ ռ,0
 ,0
,0
Ʊ,0
߾,0
 Ʊ  ,0
¥  ,0
  ,0
ŷη,0
̹  ,0
  ,0
,0
,0
 տ ,0
,0
 ,0
 ,0
 ,0
 ļ,0
,0
Ľ,0
,0
Ʊ ,0
   ,0
,0
Ʊ ,0
 ,0
ƴѵ,0
 ž,0
  ,0
ı ,0
۰,0
ڰõ,0
Ʊ  ̿,0
 ,0
 ۿ ռµ,0
 ,0
  ,0
,0
ƿ,0
ı,0
 ü  ,0
 ,0
ۿ ,0
↶,0
 µ Ż,0
 ̾,0
ٺ,0
Ͽ Ҷ ̹   ,0
ȴ,0
 ̿,0
 Ʊ Ʈ   ,0
  ,0
̹ ,0
ξ տ ,0
 ƿ,0
ʹʾ,0
 ̾,0
   ռ,0
 ,0
̰,0
ۿ µ,0
Ʊ ϼ̴ɵ  ,0
 ׷,0
 ,0
 ,0
,0
е ̾ ,0
,0
,0
a,0
αٵα,0
 ,0
Ⱦ,0
 ,0
 ,0
,0
ǳ ʸ ⿩,0
,0
  ,0
v,0
 ׷ ߾,0
ڰõ̿ ,0
ߴ ,0
⹮ ,0
Ⱦ,0
 ʹʾ,0
ߴ,0
 ,0
,0
Ʈ ,0
̹̰,0
׶쵵  ,0
,0
⹮,0
 ִ,0
 ,0
,0
 ⹮,0
ߴ ̾ ,0
Ⱦ,0
 ,0
,0
⹮,0
 󸶳 콺 ,0
,0
,0
 ϼ,0
 ޸,0
ڸ ,1
ű,1
ڳİ,1
 ,1
,1
 İ ,1
 ,1
ֹ,1
Ⱦ,1
,1
,1
,1
渷,1
,1
,1
,1
,1
 ,1
,1
,1
,1
,1
,1
,1
,1
,1
ڿ  ,1
,1
,1
,1
,1
չ,1
̽,1
 ,1
  ,1
,1
,1
,1
Ʊ,1
̽,1
 ,1
,1
,1
,1
,1
 ͎,1
,1
̾ ,1
i,1
̾ ,1
̰ ,1
 سپ˾ƽ,1
 ϳ,1
,1
  ,1
,1
,1
 ,1
ӾƾƾƾӾƾ,1
 ,1
 ¸ ¸¸,1
 ,1
,1
ȣ,1
,1
,1
 ,1
,1
 ,1
 µ,1
 ,1
 ,1
,1
 ¹ ¹ ¹ ¹ ,1
 ,1
 ,1
 ڿ ִµ  ,1
׳ ޸ Ǵ°žƴϾ,1
̾,1
ƴϾ,1
 ,1
,1
  ,1
  ,1
  ϳ ¥,1
 ,1
  ,1
ºε,1
   ,1
 ٲ ,1
;ƾƾƾƾ ,1
̰,1
  ,1
,1
ϰ־ٰ ,1
 ηϴ,1
Ϳ ,1
 ̴ ,1
 ɻ Ѱź ,1
ƴ ٺ Ƴ ,1
 ,1
,1
,1
 ٺ ,1
ϰ־ٱ,1
ʽ,1
ֵ ʹ ϰ,1
Ƕ,1
Ʒ Ÿ,1
,1
 ,1
  ¾,1
ƴ,1
  ,1
 ¸,1
 뼼,1
,1
޳,1
  ǽɵ,1
̽,1
 ҷߴ,1
 εų  ,1
 ,1
   Ȥ,1
  ,1
 ,1
Ƕ ,1
 ,1
,1
̰  ̳,1
̰ ǆ,1
̽,1
 ,1
ϰ־ٱ,1
  ũȣ,1
ŷ ,1
 ,1
  ,1
,1
,1
 ,1
,1
,1
ļļļļļļ,1
,1
  Ÿ,1
  ,1
  ɾ ,1
ļ ,1
   ,1
  ߴ޸,1
,1
 ,1
 ,1
 پ,1
   ,1
 ,1
 ,1
                                             ,1
,1
   ȵǴµ,1
 ,1
̾߾߾,1
,1
ļ,1
 ,1
 ,1
Ϳ,1
 Ȥ ,1
 ,1
,1
,1
,1
Ӿ ̰,0
ߵȮϱ,0
,0
 ׷Ա,0
װ ,0
,0
׷Ա ,0
,0
 ,0
,0
,0
,0
òٷ,0
븮 ,0
׳  ,0
òٷ,0
ߵ̳ ,0
° ü ȵʾ,0
Ҹ ϴ°ž ,0
װ ߵ̿,0
ߵ̆,0
,0
ϼ,0
,0
δϰ Ϳ,0
ı,0
 ,0
׷Ա 並 ,0
,0
 ,0
,0
 ,0
˸,0
ı,0
 ,0
,0
˸,0
,0
,0
 Ż,0
 ,0
,0
,0
  ,0
̰ԸӾ,0
,0
  ü,0
,0
Ʊ,0
 ̵  ,0
 Ż,0
ɾµ,0
 ˸,0
  ,0
 Ż,0
 ,0
  ,0
 ,0
 ִܱ  ,0
,0
 ּҽð  ,0
 Ż,0
  ڰ,0
 Ż,0
ϴ°ųı,0
 Ż ,0
ִ ,0
 ,0
ı,0
 ߰ ,0
 ִܰ ,0
ִ  ,0
 ƿ ƿ ,0
 ,0
 ,0
 ٸ η,0
̰Թ,0
,0
̰,0
 ,0
 ,0
  Ż ,0
,0
ƿ,0
 ,0
,0
 · ,0
,0
ٷı,0
ȣ ƴ,0
÷,0
 ִܽð ı,0
  ,0
  ,0
,0
 Ż,0
 Ż,0
 Ż,0
 ϱ⵵  ,0
 ,0
 ִܱ,0
Ż,0
 ,0
̰ Ⱦ䰡´,0
 ,0
 Ż ,0
  ̱°ǵ,0
 ٷ ,0
,0
  ,0
ִ,0
 Ż ,0
 ȳ ,0
 ̷ ڳ ,0
 Ż,0
ִܱ ,0
ٹ ,0
 ε,0
 Ż,0
  Ż ,0
̰ Ʋ̳İ ,0
 Ż,0
¥ Ż̴ ̰ ,0
 ߰  ,0
 ,0
 Ḭ̇,0
 ٸη,0
 ִܱ ,0
 ִܱ,0
 ,0
ı,0
 ,0
 Ż,0
 Ż,0
,0
Ƴ ,0
 ,0
 ,0
ǳ ,0
  ,0
   ,0
,0
,0
,0
 ǳ̳ ,0
 ,0
ûܰ,0
  ,0
,0
˸ ,0
 ,0
Ķ ڶ ,0
,0
ص ̱,0
  ̰Ŵ  ,0
 ǳ  ,0
Ͼ,0
 ,0
ũ ,0
 ,0
   ,0
ؼǳ          ,0
 ,0
 ,0
 ,0
 ,0
  ,0
 ,0
,0
ؿ ,0
,0
 ,0
,0
־ü ǳ  ,0
 ,0
̰  ѵ,0
 ,0
  ̰,0
 ̸ ּ,0
 Ÿ,0
ǳ̶  ̾ ,0
 ,0
,0
 ǳ   ,0
 Ż ,0
 滩 ,0
  ,0
  ,0
 ̽ ,0
ǳ汸,0
,0
׳ɿ츮,0
,0
,0
,0
ı,0
,0
Ѱ ׸̾,0
 ,0
 ,0
 Ķ  ,0
Ĵ ϳ,0
,0
,0
,0
,0
 ,0
ٽø԰ ,0
 ϴ°ſ ,0
 ,0
̵ ,0
,0
  ̰ɷ ϳ,0
 ,0
,0
ϼ ,0
,0
,0
,0
 ,0
 ,0
̱   ,0
 ,0
 ,0
,0
 ð,0
 ϴµ,0
,0
ǳ ,0
,0
 ,0
  ,0
׷ ,0
̹ ɾ,0
 Ѿ,0
 ,0
ҿŸ° ,0
ҿ Ÿ° ,0
  ⼭ ,0
³,0
ź ,0
Ÿ° ,0
ſ,0
 ҿŽ,0
 ,0
 غ,0
 ,0
 ,0
,0
  ,0
 ƿ,0
 ,0
ҿ Ÿ° ,0
,0
 ,0
Ÿ° ,0
ź ,0
Ÿ° ,0
ҿ ׿,0
,0
 ̰ ,0
ŸȰ,0
  ,0
 Į,0
,0
Ÿ° ,0
 ̰ ,0
 غ,0
 غϼ,0
 Ǫ,0
װ  ڴµ ,0
,0
̰  ͼѵ,0
 մϴ,0
,0
 ,0
 ļ  ,0
,0
 ̻ؿ,0
ļ ٶ󺸴,0
 ,0
¥  ,0
,0
ϴµ ,0
  ⼱մϴ,0
ϳİ ,0
׳  Ƴ ,0
ƿ ,0
̳,0
԰ ,0
,0
׳ɵ ,0
,0
 ,0
 غϽñ,0
,0
ɰ,0
 ܽ,0
 ,0
 ,0
θ Żϴ ,0
װ ȵ,0
ð ,0
̽,0
ҽؼ ֳ,0
,0
 ,0
 ,0
⸸,0
Ǳ,0
 ,0
 ȵ,0
  ߰,0
  ,0
ǳ ,0
װ ȵ,0
,0
,0
 ´,0
ξ  ,0
 ,0
ٵ Ʃ,0
,0
ȸ԰  ȸԴ ,0
 ̹  ,0
    ,0
Ÿ ǹ  ,0
̰   Ƿ,0
 ,0
 ¥ ,0
 缭 ̼ӵε ,0
  ȿ,0
ðŽ,0
,0
 ,0
 滩 ,0
ʴ,0
,0
 ʿ䰡  ,0
Ⱘ ,0
,0
 ,0
īİ,0
ûǷ,0
Ծߴ,0
,0
ġ ¿ ,0
ǳ ¥,0
,0
,0
¥ߴ ,0
ǳ   ϼž  ,0
޷,0
 ,0
ٵ ,0
,0
,0
 ,0
,0
 ,0
޾ƹȴ,0
 ̰ ٱ ,0
װ  ,0
,0
ǳ  ,0
 ˾Ҵ,0
ƶ,0
,0
 ƴ,0
׷ Ű °,0
,0
˾ƹȴ ,0
װ ˴ٴ,0
߾Ƽ̾,0
,0
,0
˾ƹȴ,0
,0
˾Ҵ  𸥴,0
ƶ,0
ƶ,0
ٵ,0
,0
ǳ,0
 ׷ ݾ,0
Ű ϴ ,0
 ǳ ˾Ҵ ,0
¯̳,0
 ˾ƹ,0
 ,0
,0
׹߾ ,0
,0
˾Ҵٸ ,0
 ,0
¾,0
 ,0
,0
,0
 ,0
,0
ٷ  ,0
˾Ҵ,0
↶,0
׳  ,0
ǳ ,0
׳ ,0
,0
º۾Ƴ,0
ε,0
ȥڳ,0
 ׾,0
̹  ٸ° ,0
,0
,0
˾Ҵٸ,0
,0
̾ƹȴ,0
̴,0
ٸ,0
׷    ٵ,0
,0
 ,0
 ˾Ҵٿ ÿ  ,0
ٵ𰬴,0
ֵ  𰬾 ,0
˰ڳ,0
 𰨱ٵ,0
,0
Ű ¯ΰ ƴ϶  ¯ΰ ,0
  Ⱥ,0
ٸ ٸ ,0
е õ,0
,0
,0
ƴ   ,0
  ,0
 𰬾 ,0
,0
  ,0
Ա ,0
,0
,0
 ˾Ҵ,0
ǽð ,0
ǳ,0
,0
,0
 ,0
,0
е ,0
ƴ,0
ũ,0
ƴ,0
е ,0
̰,0
Ƕ ,0
ؿ ,0
 ,0
,0
,0
Ʊ ,0
ŷ ,0
,0
ŷ,0
̺  ,0
 ƴ϶ ,0
 ȭ,0
ð ݽð踦 𸣴 ǳ,0
 Ȱ,0
 ,0
ǳ,0
,0
  غ ,0
Ա ,0
Ӹ ڴ ,0
ؿ ,0
Ա ,0
 ψ,0
ϴ°ųİ ,0
 ¥ φ,0
 ,0
ڱ ڽ  ϴ ,0
̰ ,0
ʹ Ŀ,0
 ݴ,0
ƴѰ,0
 ű ƴϾ,0
,0
¥  ,0
ۿ ,0
,0
컩,0
ϴ°ųİ ,0
 ޸  ,0
,0
 ,0
,0
,0
  ,0
¥ ٺ ,0
 ,0
 Ӹ,0
,0
 Ż,0
 ,0
 ,0
¥,0
ũ,0
ǳ ,0
߰ ̺,0
,0
 ݹۿ ,0
̺߰,0
 ༭ ,0
,0
  ,0
ƿ,0
 ,0
 ʹ  ,0
,0
 ,0
ǳ ¥ ɰϳ ,0
Ǳ,0
 ¥ ш,0
 ո,0
컩ߵ ,0
,0
,0
,0
 ,0
 ,0
߼  ʰڴ,0
ʹ ܼ ʾ,0
 ش ̹,0
,0
,0
յ  ,0
 ,0
,0
Ⱦ ּ,0
  ,0
 غ,0
ĿƮ,0
Ʊ  ,0
 ʹ,0
,0
 ǳ,0
 ޸ γ,0
 ,0
ǳ ,0
,0
Ը,0
ǳ о ,0
ҿ  ȳ ,0
  ٸ η,0
 ,0
ǳ ǳε ,0
,0
,0
  ǳ,0
ǳ ,0
 ǳ ,0
̰ ,0
ǳ ¥ ϰɸڳ,0
 Ƿ  ñ,0
ƿ,0
 ȭ  ,0
,0
,0
ǳī,0
 ǳ,0
,0
ƿ ,0
߰ ,0
ǳ ,0
ϱ 뼭,0
 Ϳ   ,0
 ϼ,0
ǳ ,0
,0
̰ ̰ ,0
  ǳ,0
ǳ ī,0
 ٸ η,0
,0
̰,0
,0
̳ ,0
 ,0
 Ʋ,0
̰ ,0
 ǳ ,0
,0
⹮ ,0
ǳ ι̳ ̿,0
ȭ Ƿ ,0
̾,0
ȭ߾,0
,0
  ̰,0
⹮ ̰,0
Ʈ縮,0
 ,0
̰ ٰ̰,0
ȭ,0
  ̰,0
߸  ϱ,0
 ,0
̾,0
ź  ,0
̶,0
ִϾ ,0
߸ ,0
ȭ,0
  մϴ,0
,0
ǳ ,0
 ,0
 Ŀ ȭ߾,0
ȭѰ Ƴ,0
̰ ̰,0
  ̰,0
һ,0
 ǳ ,0
 ,0
ǳȣǳȣǳȣ,0
ȭ,0
 ǳ ʹϴپƾ,0
߸  ƴұ ,0
 ƿ ̱ Ǵ,0
⹮ ,0
ȭ ,0
   Ѱž,0
ߴ ,0
ȭ,0
 Ʈ ,0
̶,0
̰́sق,0
   ̸ Ʃ꿡  ôµ,0
 ´ ߱,0
  ̰,0
,0
Ǽ žƴ,0
̰  ̼ ,0
  ̶ֵ ߾,0
° ͼϴ,0
ߴ,0
ִϾ ѰžƴѰ,0
,0
,0
 ǳ ,0
ǳ ȭ ̽,0
 ,0
 ,0
  ,0
  ,0
 ,0
 ּ,0
ȭ,0
׳ ƿѵ,0
,0
ִϾ ǳ ,0
ǳǳ,0
,0
   ,0
Ǽ ƾѵ ,0
Ǽ ,0
ߴ ̸̾,0
߸ ,0
ߴ ,0
 ޾   ,0
 ̱ ȭ   ,0
߸,0
 ǳ ٸ,0
   ,0
 ,0
  ǳ ,0
  ,0
 ȭ߾,0
̶ ƿ䴩,0
Ƿ ȭ Ƴ,0
¸  ,0
 ,0
  ,0
  ,0
Ƿ,0
ı,0
,0
ı,0
 ,0
,0
 Ż,0
Ż,0
,0
 ,0
ı,0
Ż,0
 ,0
̸,0
,0
,0
 ,0
ٸ,0
,0
 ּ,0
ٷ  ,0
 ,0
е ,0
,0
  ,0
 ,0
̰,0
 ,0
ı,0
,0
 ,0
̰ ,0
 ı,0
 ʿ ,0
 ı,0
,0
ٷ,0
ʿ䵵  ,0
,0
   ̰,0
ϴ Ҹ,0
,0
  ,0
 ,0
,0
,0
ııı ,0
ʿ ٴ° ̷ ̿ϱ,0
ǳ ȥ׾,0
 ƿ,0
 ̰ ε,0
 ,0
̰ Ƿΰ,0
̿,0
  ,0
ȥ,0
 ּ,0
ź ,0
浵 ȵǰڳ,0
 ׾,0
 Ŀ ,0
ǳǳ,0
 ̐  ,0
,0
  ִٴ ,0
,0
 ,0
,0
 ̾,0
,0
 а ,0
Ǳ,0
,0
Ʊ ׸,0
,0
Ǳ,0
ı,0
ı,0
,0
,0
ϻ,0
ҰԿ,0
,0
,0
,0
  ,0
,0
ź ׿,0
,0
 ؾߵ,0
ƴ ,0
Ȯ,0
,0
ϸ ,0
,0
 ̴,0
,0
,0
,0
,0
  Ѿϴ,0
,0
ı,0
,0
ƴ   ̾ ,0
,0
 ,0
,0
,0
,0
 ,0
,0
,0
,0
ħa,0
 ؾҶ,0
  ԰ ,0
ϸ  ,0
ᰡ ´,0
,0
ı,0
 ,0
ϴ¼ ,0
ι ,0
 ,0
,0
ϴ¼ ,0
,0
Ϸ,0
 ,0
,0
õ ,0
ϴ ,0
 ,0
 ,0
 ,0
 Ż ,0
   Ҿ,0
 ,0
ѹ ,0
,0
,0
,0
,0
,0
  Ⱑ Ƴ   Ⱑ Ƴ   Ⱑ Ƴ,0
 ı,0
,0
,0
,0
,0
  ,0
ʽ,0
 մϴ,0
̿,0
¥ ϴ,0
 ,0
ǳ,0
 ũ,0
Дj,0
  Ⱑ Ƴ   Ⱑ Ƴ   Ⱑ Ƴ   Ⱑ Ƴ   Ⱑ Ƴ,0
 ּ,0
,0
ũ ع̴,0
,0
,0
 ̷ũ ,0
Ʊ   ,0
 غּ,0
 ϴ,0
,0
 ũ ,0
,0
 ϴ´,0
m̷,0
 ,0
 ,0
ε,0
 ,0
иӿ,0
,0
ܷũ,0
 ƿ ,0
 尡,0
 ʸ ϴ´,0
 ̰  ,0
,0
 ,0
 α׵α,0
 Ż,0
ʹ ,0
̷ܿũ ,0
 ,0
а ޴ ,0
,0
 ߴµ,0
ȫ ,0
,0
ũ ,0
 Ű,0
 Ż,0
  θ  ݷ ؿ  ,0
ũ ,0
 ٸη ,0
Ű,0
̹ ,0
,0
,0
 ũ ,0
 ,0
 ּ,0
ũ ,0
 Ű ,0
,0
,0
  Űó ,0
 ,0
ı,0
ܶ,0
 ,0
̱,0
  ,0
񱳵Ǵ°ź ,0
,0
 ,0
 ũ ,0
 尡,0
 ,0
,0
̹ µ,0
 ÿ,0
 Ʈ ٲþ Ű ̰ܼ   ,0
 ,0
Ƿ  ,0
,0
Űϳ,0
,0
ũ ˰  ,0
ũ ϳ ,0
,0
  ε,0
Ű  ,0
ũ ̰,0
е,0
,0
ȵǰڴ,0
,0
 ּ,0
 ,0
ũ Ѵ ,0
 ,0
 ԰,0
,0
 ɸ,0
ũ  ,0
 ̳,0
 ,0
Ű 񱳵Ǵ° ,0
 ,0
ũ ĳ ,0
,0
 ,0
,0
ı,0
ũ İ ,0
̺ ,0
ũ ä İ°ź ,0
 ,0
ƾ Ű ,0
ũ Ѵ,0
ġ,0
,0
̰ ʹ̳ ,0
,0
 ,0
 ũ ,0
,0
,0
 Ʈ ,0
   غϼ,0
,0
,0
 ,0
,0
,0
,0
,0
 ,0
ũ  ,0
Ƿ ,0
ؽ,0
Ű ,0
,0
 մϴ,0
ū̴,0
,0
  Ͱ,0
  ,0
ũ ,0
 ,0
 ,0
 غ,0
,0
ŷη ,0
ũ ϴ´,0
,0
Ϻη,0
  ϴ,0
 ⿴ٴ,0
  ־,0
ħ,0
 ,0
е õ,0
,0
,0
 ,0
  ,0
ũ ΰ   ,0
е ,0
 ,0
 ,0
 Ż,0
  ,0
 غϼ,0
,0
 ʹ ,0
峭,0
 Ǯּ,0
е ,0
е õ,0
     ,0
ʹ ,0
,0
 ,0
۵ õ,0
   Ż ,0
 ,0
е õ,0
е õ,0
ũ  ƴ ,0
е ,0
 Ȯ,0
̹ 뵵,0
е,0
,0
Ƿ¸,0
 ,0
 ´,0
ߴ,0
 ٸ ȴ,0
е ,0
ũ ʹ ϴµ ,0
  ,0
,0
 ƿ ,0
 ,0
,0
 ǵ  ,0
Ʊ ,0
е ,0
,0
 ߼,0
Ƿ¸ Ŷ ,0
 ϼ,0
 Ż,0
 ƴϴ,0
е ,0
  Ż,0
 ߰ð,0
ڿ ,0
̹ ߾,0
ܿ,0
۵ ,0
 Ͼ,0
 Ĺ,0
   ɾƼ ϴ°͵ ϴ ׳   ±,0
̰  ,0
,0
߰ð,0
¥,0
  غ ϼ,0
,0
  ,0
Ű,0
 αٵα,0
   Ǫ,0
    ֹ,0
,0
,0
 غϽð,0
߸,0
Ű ,0
 ,0
 Ǯ,0
Ű,0
 ,0
  ,0
,0
  ,0
 ,0
޴,0
,0
    ȱ ϴµ,0
 ,0
ʹ ,0
,0
,0
ᰡ,0
,0
,0
 ϴ°͵ ճ ,0
̹ ԰ ±,0
 ,0
ٵ  ,0
,0
ٵ  ,0
    ,0
,0
,0
鼭  ٷ ؾߴµ ʹ ,0
õ,0
 ɾ  ؾѴ,0
ϴ,0
Ÿ,0
ȱ,0
,0
 ,0
 ,0
ƴ,0
 ,0
  ,0
 ,0
,0
  ,0
,0
׳  ,0
̹ ۷ ,0
׳ õ,0
 غϼ,0
е̴,0
 ,0
ٰµ ,0
,0
ηȴµ,0
  غּ,0
е ,0
,0
Ϻ õ ,0
 ı,0
ٴ°͵  ,0
ʹ Ҿƺ,0
,0
 غϽð,0
,0
    ּ,0
ϳ ¥,0
̷ ,0
 ,0
,0
 ,0
̰ ʹ ,0
 ִ° ,0
 ,0
 ,0
 ó׿,0
 ,0
ٷ,0
,0
ǳ ٷ,0
ٷֳ,0
̷ ̰ µ  ,0
 ,0
 ּ,0
 ,0
 ,0
ʹ ϴ,0
ϳ,0
ֱֱϴ,0
 غ,0
 տ ִ,0
Ѱź,0
,0
ٿԴµ ,0
   ¥,0
 ,0
ٷֳ ؼ,0
 մϴ,0
β ,0
ũ,0
׻  ,0
̰ɱٷ,0
 ̷ ,0
ļ  ,0
ƴ ϳı ,0
 ,0
 ,0
е,0
 ϴ,0
۵,0
 ,0
 ,0
,0
 ,0
,0
ȿ ,0
ǳ ,0
ƹư ,0
ƹư ̾ ,0
ʺ,0
,0
 ı,0
ٸ ƴϳ,0
,0
ư ,0
׳,0
Ʊ  ,0
̰ ۾Ƴ ̷ ,0
,0
Ű,0
Ϻη,0
ƹư  ,0
ʹ,0
ϴϱ ,0
   ,0
ٵ  ũ  ,0
 ϸ ,0
ƹư  ơơ,0
Ϳ     ,0
ٵ  ̺̱,0
ٵ  ¾,0
кϰ,0
 ؾ,0
 尡,0
  ,0
׳ Ű ,0
,0
Ű ,0
׳ ٷ ,0
  ,0
Ű ̾,0
۴ ΰ,0
 ϸ ,0
,0
 ,0
÷,0
,0
ư ,0
ƹư  ,0
,0
  ,0
ũ ڷ,0
ηȱ,0
ƹư  ,0
,0
,0
  ,0
׷ϱ,0
     ,0
Ƿ¸ε  ǹ ֳ ,0
  ,0
 ٵ ߿ ε,0
־,0
  ,0
 ,0
ƹư ,0
Ⱦ,0
Ƿ¸ ,0
 ,0
Ǯ ǰ ,0
ǳ̶ Ƿ  ,0
 ,0
ٷµ  ,0
ϰ ϴµ ,0
ӵǴ   ,0
 ޶,0
̾ Ƿ¸̳ ,0
  ,0
 Ƿ¸ε  ̾ ,0
 ϴ,0
 ̴,0
 ٷιٷ,0
 αٰŸ,0
 ƴϾ,0
ι  ,0
 ̸ ϴ°ųı,0
ƴ,0
Ƿ¸ ,0
 ̱ ,0
  ,0
Ÿ,0
װ Ƿ¸ݾ,0
 ,0
 ,0
,0
 Դϴ,0
  ,0
,0
   ,0
 Ƴ,0
̱  ,0
Ʊ Ƿ¸ʿ ÷  ؼ ڸ Ѱŵ ڳ,0
 ޸ϴ,0
 Ƴ,0
    ,0
̱ ,0
ø,0
  ݾ,0
 ,0
 ,0
 ,0
,0
ΰ ,0
 ̾,0
 ,0
,0
,0
߿ ,0
ϸ Ѵٴ°,0
 ,0
׷ ,0
 ȭ,0
   ,0
ǳ ΰ,0
,0
 ,0
ΰΰ ,0
ؿ,0
,0
 ,0
 ׳ Ѵٰ ؿ,0
ƴ,0
 Գ״,0
 ,0
ٴ̱ó,0
 ,0
ϸ ؾ ϴ ,0
׷,0
ƴ ׳  ,0
 ,0
ٴ ,0
׷,0
ΰ,0
˾Ҿ ˾Ҿ,0
,0
 ־,0
 ʹ 䵥 ׳ Ѵٰ ϼ,0
  ,0
 ,0
 ˾Դϴ,0
 ,0
ΰ ,0
,0
,0
 Դϴ,0
 ,0
ΰ ,0
׳ Ѵٰ ,0
 ָϴ,0
   ϴ,0
Ƿ ,0
,0
 ƴ,0
 ʹ ϱ,0
ΰ ,0
  ޸ϴ,0
׷,0
,0
,0
  ι,0
 ͽť ø,0
  ֱ׷ ,0
ġ,0
 غ,0
׷ ϸ    ϴٴ°ž,0
׾˰ڽϴٹ ,0
,0
ε ߾ƽó׿ ΰ°,0
  ,0
  ,0
 Դϴ,0
 ,0
ı,0
,0
ΰ谡 ʹ  ǳ,0
ʱȭ ϱ,0
 yδ,0
  ΰ,0
  Ž,0
 ڳ,0
׷ غ ,0
 ȭ,0
,0
׳ Ѵٸ  Ͻó׿ ȣȣ,0
 ,0
  ׸ ,0
  ʳ,0
,0
޷ չٿ,0
׳,0
׿,0
 ư  ,0
 ,0
 ΰ谡 ƴ϶  ڸ,0
󸮵ٵ,0
׳ ϴ°ܽ,0
 ޸ϴ,0
,0
Ƿ ٴ ,0
 ȭ,0
ٴ ó׿ ,0
,0
  ջ Ҹ Ҿ,0
۳,0
  ľ ,0
ΰ谡 ʹ Űϴ,0
̸ Ҹϴ,0
 ,0
  ,0
 ,0
 Ʈ,0
Դϴ,0
׷,0
ߵϴ,0
׳ Ÿ ɷ ,0
 ,0
Ƿ,0
׳,0
     ȸ,0
Ƿ¸ ε,0
 ߴ,0
ΰ  ,0
´,0
ߺ,0
ǿ,0
 Ź帳ϴ,0
¼ ,1
 ѽο ,1
ö,1
׳  ִ° ƴ,1
 ̿ó ,1
Ÿ ,1
ֹ  ,1
Ÿغ ,1
̴ ¥ ,1
  ,1
 ,1
 ,1
,1
غ,1
  ,1
 ,1
Ѵ ,1
 ǥ ö ,1
¼ ,1
 ,1
 غڵ,1
 ,1
ģ  ,1
̿,1
ģ  ,1
  ,1
ġ,1
׳   ε ִ ǰ,1
ȳ°ź ,1
,1
 ,1
 ޺ ,1
ũ ʹҾѵ,1
¼ ,1
 İ,1
ȳ,1
,1
  ſ,1
 ŷϴ,1
 ԰° ,1
¼ ,1
츰 ̾,1
 ,1
 ȳ,1
ȳ ,1
ġë,1
μ ſ,1
 ,1
   ,1
潺  ,1
׳  ִٸ,1
Ȱ,1
ϵ,1
ȿ´ ,1
Ű ö󰬴 ϱ ʳ,1
¥ ǵϴ,1
  ѱΰ ,1
 ȳ,1
,1
ϴ ,1
̴ӵ ,1
ϴ ,1
 ,1
ֹ ,1
 ,1
 ¥,1
 ,1
,1
 ȸڵ,1
μ ſ,1
 ȳ,1
̰ ,1
 ,1
 潺 ,1
 ,1
ϵ ,1
 ,1
ڳİ ,1
 ,1
ġ,1
,1
ȿ´ ,1
󰭵  ,1
𰫾 ,1
̰  ̾,1
ɸ ,1
ġ ,1
ö ,1
Դ ,1
ϰ,1
´,1
´,1
´,1
 θ,1
ũ ,1
Ķ̶ ο  ,1
Դ,1
´,1
͵,1
´,1
¸׶,1
,1
,1
´,1
´,1
Դ ,1
 Ÿ ƿ̾,1
,1
󸶳 η,1
´ٿ´,1
Ե θ ,1
Դ,1
´,1
´,1
,1
  ,1
´,1
´ ´,1
´ ´,1
ٶ Ű̾ ,1
̴,1
´,1
ڿ ϴ°ź ,1
´ٿ´,1
´,1
,1
μ Ϳ,1
ūſ´,1
Ʊ,1
´,1
´,1
´,1
´,1
,1
,1
ǥ ,1
 ,1
ġ,1
ڵ ,1
,1
,1
ε,1
 ,1
ǥ ,1
 ,1
  ,1
 ,1
ݼ,1
 ,1
 ,1
μ ſ,1
,1
 ,1
 ,1
 ,1
ǳ̾ ,1
 ,1
 ,1
  ,1
  ,1
ġ ,1
ɸ  ,1
,1
,1
 ݰٰ  ,1
ö ,1
̳ ,1
ֳ ,1
ǳ   ,1
 Ҽ־,1
 վ ּ,1
,1
 ο,1
,1
,1
,1
ο ,1
ɸ ,1
Ű °,1
,1
ΰ ߾   ִ  ,1
,1
ڵ,1
ȣ,1
,1
,1
,1
,1
,1
,1
,1
,1
,1
 ,1
,1
,1
̽,1
,1
ļ,1
,1
,1
,1
ƴ ̰ ,1
 ,1
,1
̰ ,1
Ϳ ,1
,1
 ,1
,1
,1
 ,1
,1
,1
̰,1
,1
 ̰,1
,1
,1
ǳ  ,1
,1
 ,1
̰ ȴ,1
,1
 ,1
,1
,1
,1
̰ Ƿ,1
 ,1
̰,1
,1
 ,1
,1
̰ ,1
 ,1
 ȵ,1
,1
谨,1
̴,1
  ,1
¥ ߺϴ,1
    ,1
 Ŀ ǳ ɷ,1
ŷ,1
 ,1
̰,1
  ,1
 ,1
 ,1
̰  ,1
,1
̰ ,1
,1
 ,1
 ٿԴµ  ü־µ ,1
弥ϴ¥,1
,1
ߺǳ,1
,1
 ϰ־ٱ,1
̰,1
Ż,1
ߺ,1
 ,1
ϰ ־ٱ,1
ߺӰ,1
 ,1
ƿ,1
̰  ־,1
  ,1
 ,1
Ƴ,1
̰Եǳ ,1
  ,1
̰ ,1
  ,1
߿ ,1
 ų ų ų ų ų ų ų ų ,1
 ,1
߿ ,1
̰,1
 ,1
ߺ  ,1
 ļ,1
,1
ϴ ¥ ,1
ƽ,1
̰,1
 ̷ ̴ ,1
 ҽ,1
↶,1
 ,1
ߺ  ,1
ʹ ޴ϰ,1
̰ ,1
ʹ ڳ,1
̰ ,1
 ,1
޴ϴ,1
̰ ,1
°ź ˰ ƿ,1
ƴٸ,1
;Ƽ,1
  ,1
,1
,1
,1
  ϵ           ,1
  ,1
 ,1
 ,1
  ,1
׸ 迵 ׸ 迵 ׸ 迵 ׸ 迵 ׸ 迵 ׸ 迵 ׸ 迵 ׸ 迵 ׸ 迵 ׸ 迵,1
,1
   ,1
ĵ,1
,1
 ,1
,1
մϴ ,1
ψ,1
´,1
 ,1
޾ҳ,1
 ,1
̷ Ƿ Æ,1
̽ ,1
̱ Ƿ ,1
,1
,1
ġ ,1
,1
  ,1
ǳǳǳ,1
 Ƿ¸ʸ Ͷ ,1
 ؿ,1
   ,1
 ,1
,1
  ,1
 ,1
¥ ϴ,1
 ,1
ǳ ,1
͟V,1
,1
 ,1
ũ                 ̷ ,1
ǳġ ,1
¿¿¿¿¿,1
׷ ,1
,1
  ,1
,1
ǳġ ,1
,1
 ,1
Ѱ ¥  ,1
̰ Ƿ,1
Ƴ ̰ ߾,1
,1
,1
ļ,1
Ϳ,1
 Ƴ ,1
 ,1
,1
ņņ,1
޴ϱ,1
,1
 ,1
,1
 ߾,1
ִ,1
޴ ̸ ,1
ǳǳǳ,1
̳ ,1
 ߴ ,1
 ,1
 Ͼٰ,1
 ׻̳,1
,1
 ,1
,1
¥ϴ ,1
õ,1
,1
,1
  ,1
,1
  ȵȴٰ,1
,1
߹̾߹,1
,1
    ,1
̰Ÿa,1
Ⱑ Ǵ Դϴ,1
 ε,1
ƿ ¥,1
ȫ ڵ̾µ,1
ʹ ϼ     ,1
,1
 ,1
,1
 ޴ϱ,1
 ,1
,1
ǳġ,1
 ,1
  ־,1
̰ ,1
 ,1
¥ ߺ ,1
 ,1
  ŵȳ     ,1
 ̟p,1
ý,1
 ߾ ,1
 ,1
 ϰ־,1
,1
,1
 ,1
̰  ǰ ,1
 װ ,1
,1
̾,1
,1
 ,1
 ,1
߳,1
  ѹ Ȱġ  ٸڰ Գ,1
,1
޴,1
ʹ ְ,1
,1
Ѹ ϳ,1
ƿ   ,1
ǳ  ,1
̷ ݾ ,1
 ,1
 ȥ ؼ  ,1
 ðڳ,1
̱ 嶯 ,1
      ,1
 ,1
̰ ,1
;,1
  ,1
  ,1
 ,1
̰  Դϴ,1
 ϼ̾     ,1
 ߴ,1
 ,1
,1
ȣ,1
̰ ,1
  ,1
θ,1
̰ ,1
޴,1
  ˴ϴ,1
ʹ մ,1
񿭷 ,1
Ϳ ,1
޴,1
 ,1
̰ ,1
 ,1
 ,1
    ,1
̾,1
Ȳ ,1
 ļ,1
ġ,1
̷Զ ϸ  ϱ ¿  ,1
   ɾ  ʹ ,1
 ׸ ɾ,1
